{
    "m2m100_418M": {
        "chinese": {
            "bleu": 0.09751538417070663,
            "meteor": 0.6848011635602598,
            "sacre_bleu": 43.34906522248111
        },
        "dutch": {
            "bleu": 0.09759325303581534,
            "meteor": 0.7447535973217864,
            "sacre_bleu": 52.692040569514766
        },
        "finnish": {
            "bleu": 0.09750057308753576,
            "meteor": 0.7145389607639441,
            "sacre_bleu": 49.914891611185865
        },
        "french": {
            "bleu": 0.09688638736413836,
            "meteor": 0.7288123258669919,
            "sacre_bleu": 51.40897320457278
        },
        "german": {
            "bleu": 0.09688856546780167,
            "meteor": 0.7423498744716355,
            "sacre_bleu": 52.787675535956936
        },
        "hebrew": {
            "bleu": 0.0980690948525716,
            "meteor": 0.719800069170426,
            "sacre_bleu": 50.328662587698524
        },
        "italian": {
            "bleu": 0.09751179990098333,
            "meteor": 0.7340639764830446,
            "sacre_bleu": 53.16443486787531
        },
        "japanese": {
            "bleu": 0.09585466754782518,
            "meteor": 0.6510788907131636,
            "sacre_bleu": 41.66099017713693
        },
        "polish": {
            "bleu": 0.09840146564814166,
            "meteor": 0.7300999389382197,
            "sacre_bleu": 52.515125564611
        },
        "russian": {
            "bleu": 0.09755290740275296,
            "meteor": 0.7027192248305197,
            "sacre_bleu": 48.27254387862421
        },
        "spanish": {
            "bleu": 0.09774791038982354,
            "meteor": 0.7370680346815395,
            "sacre_bleu": 52.932349326386884
        },
        "turkish": {
            "bleu": 0.09782096868056005,
            "meteor": 0.7262443489362483,
            "sacre_bleu": 51.300940941368374
        },
        "ukrainian": {
            "bleu": 0.09782670006524369,
            "meteor": 0.6889946196294164,
            "sacre_bleu": 46.5554915381944
        }
    },
    "mbart-large-50-many-to-many-mmt": {
        "chinese": {
            "bleu": 0.09617206235674335,
            "meteor": 0.7599934205667026,
            "sacre_bleu": 54.73219674453475
        },
        "dutch": {
            "bleu": 0.09697023975960026,
            "meteor": 0.8007143083548839,
            "sacre_bleu": 63.648157603502675
        },
        "finnish": {
            "bleu": 0.09634748099586495,
            "meteor": 0.7067026149305959,
            "sacre_bleu": 47.219425459421544
        },
        "french": {
            "bleu": 0.09677520381077843,
            "meteor": 0.759798655050027,
            "sacre_bleu": 57.2482049862058
        },
        "german": {
            "bleu": 0.09665214949549786,
            "meteor": 0.8022424539156878,
            "sacre_bleu": 63.166600760443664
        },
        "hebrew": {
            "bleu": 0.09723755102855494,
            "meteor": 0.758968461259859,
            "sacre_bleu": 58.08457045551765
        },
        "italian": {
            "bleu": 0.09719812091491961,
            "meteor": 0.8068377192131002,
            "sacre_bleu": 65.94145672725413
        },
        "japanese": {
            "bleu": 0.09430562907053935,
            "meteor": 0.7151067526102561,
            "sacre_bleu": 43.95472605569067
        },
        "polish": {
            "bleu": 0.09783041898736534,
            "meteor": 0.7923208303034672,
            "sacre_bleu": 62.75502760352793
        },
        "russian": {
            "bleu": 0.097420053811546,
            "meteor": 0.768559723225636,
            "sacre_bleu": 58.88203418718409
        },
        "spanish": {
            "bleu": 0.08829036568678907,
            "meteor": 0.7306483495484575,
            "sacre_bleu": 35.15931757645601
        },
        "turkish": {
            "bleu": 0.09746207794856335,
            "meteor": 0.6981619809511637,
            "sacre_bleu": 50.937737673739065
        },
        "ukrainian": {
            "bleu": 0.09641828516047901,
            "meteor": 0.7495543989101976,
            "sacre_bleu": 55.86368545997975
        }
    },
    "nllb-200-distilled-600M": {
        "chinese": {
            "bleu": 0.094878971723918,
            "meteor": 0.7179829070021871,
            "sacre_bleu": 50.44538106438334
        },
        "dutch": {
            "bleu": 0.09149983430901497,
            "meteor": 0.289929201219122,
            "sacre_bleu": 20.89883630683856
        },
        "finnish": {
            "bleu": 0.09214901844023331,
            "meteor": 0.4005620251429002,
            "sacre_bleu": 32.39255329138935
        },
        "french": {
            "bleu": 0.09504150710081588,
            "meteor": 0.4338375287594288,
            "sacre_bleu": 32.13887524893717
        },
        "german": {
            "bleu": 0.09034193203672489,
            "meteor": 0.1528295896169279,
            "sacre_bleu": 7.143554936285918
        },
        "hebrew": {
            "bleu": 0.08969476131548432,
            "meteor": 0.1412128255229263,
            "sacre_bleu": 2.3454833349268447
        },
        "italian": {
            "bleu": 0.09264329671770707,
            "meteor": 0.30593017628459995,
            "sacre_bleu": 24.270236642237325
        },
        "japanese": {
            "bleu": 0.08422345929035395,
            "meteor": 0.0919425636693587,
            "sacre_bleu": 1.95690202585468
        },
        "polish": {
            "bleu": 0.09373498163150347,
            "meteor": 0.4739200222677292,
            "sacre_bleu": 38.439521173135105
        },
        "russian": {
            "bleu": 0.09178840448688379,
            "meteor": 0.29766956043381565,
            "sacre_bleu": 20.673430434220247
        },
        "spanish": {
            "bleu": 0.09292368254465007,
            "meteor": 0.3577674073370821,
            "sacre_bleu": 26.331309028522238
        },
        "turkish": {
            "bleu": 0.09447288433720548,
            "meteor": 0.618696327674281,
            "sacre_bleu": 45.272055737362365
        },
        "ukrainian": {
            "bleu": 0.09136793857965907,
            "meteor": 0.16125718195603025,
            "sacre_bleu": 9.03403095402128
        }
    },
    "opus": {
        "chinese": {
            "bleu": 0.09710303541232673,
            "meteor": 0.7952538577507967,
            "sacre_bleu": 59.50984194874637
        },
        "dutch": {
            "bleu": 0.09741992232616765,
            "meteor": 0.8470620502005263,
            "sacre_bleu": 69.88025190726087
        },
        "finnish": {
            "bleu": 0.09652855814071834,
            "meteor": 0.82961657449527,
            "sacre_bleu": 66.62674535114226
        },
        "french": {
            "bleu": 0.09671998346767904,
            "meteor": 0.8356623685552916,
            "sacre_bleu": 69.81854612619286
        },
        "german": {
            "bleu": 0.09686646246481258,
            "meteor": 0.8419044829287656,
            "sacre_bleu": 69.7422486982433
        },
        "hebrew": {
            "bleu": 0.09772687028087809,
            "meteor": 0.8229280522829702,
            "sacre_bleu": 66.51486682251942
        },
        "italian": {
            "bleu": 0.09786617777914675,
            "meteor": 0.8583961090396903,
            "sacre_bleu": 74.12981753777532
        },
        "japanese": {
            "bleu": 0.09596548149707892,
            "meteor": 0.7893246972900928,
            "sacre_bleu": 63.14352837103391
        },
        "polish": {
            "bleu": 0.09521211593568536,
            "meteor": 0.8424755777487329,
            "sacre_bleu": 61.90256533770158
        },
        "russian": {
            "bleu": 0.09743397136836393,
            "meteor": 0.8178806611214182,
            "sacre_bleu": 66.7046095918062
        },
        "spanish": {
            "bleu": 0.09794915304932425,